<?xml version="1.0" encoding="UTF-8"?>
<!DOCTYPE hibernate-configuration PUBLIC
"-//Hibernate/Hibernate Configuration DTD 3.0//EN"
"http://hibernate.sourceforge.net/hibernate-configuration-3.0.dtd">
<hibernate-configuration>
<session-factory>
<property name="hibernate.connection.driver_class">com.mysql.jdbc.Driver</property>
<property name="hibernate.connection.url">jdbc:mysql://localhost/jlcindia</property>
<property name="hibernate.connection.username">root</property>
<property name="connection.password">jlcindia</property>
<property name="hibernate.dialect"> org.hibernate.dialect.MySQLDialect </property>
<property name="show_sql">false</property>
<property name="hbm2ddl.auto">update</property>
<mapping resource="org/scolex/hib/core/asscoiation/onetoone/u/Student.hbm.xml"/>
<mapping resource="org/scolex/hib/core/asscoiation/onetoone/u/Address.hbm.xml"/>
</session-factory>
</hibernate-configuration>