<?xml version="1.0"?>
<!DOCTYPE hibernate-mapping PUBLIC 
"-//Hibernate/Hibernate Mapping DTD 3.0//EN"
"http://hibernate.sourceforge.net/hibernate-mapping-3.0.dtd">

<hibernate-mapping package="org.scolex.hib.core.asscoiation.onetoone.u">
  <class name="Student" table="students">
   <id name="sid" type="int" >
   <generator class="increment"/>
  </id>
  <property name="sname"/>
  <property name="email"/>
  <property name="phone" type="double"/> 
 <many-to-one name="address" class="Address" column="adid"></many-to-one>
 </class>
</hibernate-mapping>